﻿<?xml version="1.0" encoding="utf-8" ?>
<siteMapNode url="ziye/Main" title="首页"  description="首页">
  <siteMapNode url="ziye/userinformation" title="个人中心"  description="个人中心" >
  </siteMapNode>
  <siteMapNode url="ziye/zuoti" title="做题"  description="做题" >
    <siteMapNode url="ziye/jindaishi" title="中国近代史"  description="中国近代史" >
      <siteMapNode url="ziye/jindaishi1" title="第一章"  description="第一章" />
      <siteMapNode url="ziye/jindaishi2" title="第二章"  description="第二章" />
      <siteMapNode url="ziye/jindaishiexam" title="考试题"  description="考试题" />
    </siteMapNode>
    <siteMapNode url="ziye/diannaolilun" title="电脑理论"  description="电脑理论">
      <siteMapNode url="ziye/diannaolilun1" title="第一章"  description="第一章" />
      <siteMapNode url="ziye/diannaolilun2" title="第二章"  description="第二章" />
      <siteMapNode url="ziye/diannaolilunexam" title="考试题"  description="考试题" />
    </siteMapNode>
    <siteMapNode url="ziye/mayuan" title="马克思原理"  description="马克思原理" >
      <siteMapNode url="ziye/mayuan1" title="第一章"  description="第一章" />
      <siteMapNode url="ziye/mayuan2" title="第二章"  description="第二章" />
      <siteMapNode url="ziye/mayuanexam" title="考试题"  description="考试题" />
    </siteMapNode>
  </siteMapNode>
  <siteMapNode url="ziye/history" title="历史记录"  description="历史记录" >
    <siteMapNode url="ziye/kaoshijilu" title="考试记录"  description="考试记录" />
    <siteMapNode url="ziye/cuotiben" title="错题本"  description="错题本" />
    <siteMapNode url="ziye/bijiben" title="笔记本"  description="笔记本" />
  </siteMapNode>
  <siteMapNode url="ziye/paihangbang" title="排行榜"  description="排行榜" >
    <siteMapNode url="ziye/jifenbang" title="积分榜"  description="积分榜" />
    <siteMapNode url="ziye/zhengquelvbang" title="正确率榜"  description="正确率榜" />
    <siteMapNode url="ziye/zuotishubang" title="做题数榜"  description="做题数榜" />
  </siteMapNode>
</siteMapNode>