﻿<?xml version="1.0" encoding="utf-8" ?>
<siteMapNode url="ziye/Main" title="首页"  description="首页">
  <siteMapNode url="ziye/userinformation" title="个人中心"  description="个人中心" >
  </siteMapNode>
  <siteMapNode url="ziye/zuoti" title="做题"  description="做题" >
    <siteMapNode url="ziye/weijifen" title="微积分"  description="微积分" />
    <siteMapNode url="ziye/dianlulilun" title="电路理论"  description="电路理论" />
    <siteMapNode url="ziye/fubianhanshu" title="复变函数"  description="复变函数" />
  </siteMapNode>
  <siteMapNode url="ziye/history" title="历史记录"  description="历史记录" >
    <siteMapNode url="ziye/kaoshijilu" title="考试记录"  description="考试记录" />
    <siteMapNode url="ziye/cuotiben" title="错题本"  description="错题本" />
    <siteMapNode url="ziye/bijiben" title="笔记本"  description="笔记本" />
  </siteMapNode>
  <siteMapNode url="ziye/paihangbang" title="排行榜"  description="排行榜" >
    <siteMapNode url="ziye/jifenbang" title="积分榜"  description="积分榜" />
    <siteMapNode url="ziye/zhengquelvbang" title="正确率榜"  description="正确率榜" />
    <siteMapNode url="ziye/zuotishubang" title="做题数榜"  description="做题数榜" />
  </siteMapNode>
</siteMapNode>